level,ward_id,zone,corporation,category,role,name,photo_url,photo_source_page,email,source_url,source_date,confidence,note
city,,,,all,"Chief Commissioner, GBA & Administrator, all Bengaluru City Corporations","Maheshwar Rao M, IAS",https://gba.karnataka.gov.in/maheshwar.png,https://gba.karnataka.gov.in/home,comm@bbmp.gov.in,https://gba.karnataka.gov.in/home,2026-10-02 (accessed; page undated),high,Top escalation for both waste and roads.
city,,,,waste,"Chief Executive Officer, Bengaluru Solid Waste Management Ltd (BSWML)",Karee Gowda,,,,https://www.deccanherald.com/india/karnataka/bengaluru/bengaluru-bswml-plans-own-garbage-fleet-seeks-to-end-dependence-on-contractors-4036214,2026-06-12,medium,"News report, not an official page. DH 2026-08-01 reports govt moved household/commercial waste collection from BSWML back to the corporations, so BSWML may no longer own collection complaints."
city,,,,waste,"Special Commissioner (Welfare, Health & Education), GBA","Venkatachalapathy R, IAS",https://gba.karnataka.gov.in/Venkatachalapathi.jpeg,https://gba.karnataka.gov.in/home,,https://gba.karnataka.gov.in/home,2026-10-02 (accessed; page undated),low,"Health portfolio at GBA; whether SWM sits under it is not stated. Same person also listed as Addl. Commissioner (Development), Central corporation; one listing is likely stale."
city,,,,road,"Engineer-in-Chief, GBA",,,,,,,low,"Post exists but no name found on an official page; GBA HOD contact list PDF (updates.bbmpgov.in, dated 08-12-2025) was unreachable."
corporation,,,central,all,Commissioner,"Rajendra Cholan P, IAS",https://bengalurucentral.karnataka.gov.in/rajendra-cholan.jpg,https://bengalurucentral.karnataka.gov.in/home,,https://bengalurucentral.karnataka.gov.in/home,2026-10-02 (accessed; page undated),high,
corporation,,,central,road,Additional Commissioner (Development) - incl. engineering,"Venkatachalapathy R, IAS",https://bengalurucentral.karnataka.gov.in/Venkatachalapathi.jpeg,https://bengalurucentral.karnataka.gov.in/home,,https://bengalurucentral.karnataka.gov.in/home,2026-10-02 (accessed; page undated),low,Govt work-allocation order (DH 2025-09-23): Addl. Commr (Development) handles engineering. Also listed as GBA Special Commissioner on gba site; possibly stale.
corporation,,,central,waste,Additional Commissioner (Revenue) - incl. solid waste management,"Ranganath K, KAS (in charge)",https://bengalurucentral.karnataka.gov.in/Ranganath.jpeg,https://bengalurucentral.karnataka.gov.in/home,,https://bengalurucentral.karnataka.gov.in/home,2026-10-02 (accessed; page undated),medium,Govt work-allocation order (DH 2025-09-23): Addl. Commr (Revenue) handles SWM and health.
zone,,C.V. Raman Nagar,central,all,Joint Commissioner (zone head),"Ranganath K, KAS",https://bengalurucentral.karnataka.gov.in/Ranganath.jpeg,https://bengalurucentral.karnataka.gov.in/home,,https://bengalurucentral.karnataka.gov.in/home,2026-10-02 (accessed; page undated),medium,"Zone-1; email handle 'jccvr' indicates C.V. Raman Nagar. Photo: same officer listed on the Central site as Additional Commissioner (Revenue) (I/C), 2026-10-03."
zone,,C.V. Raman Nagar,central,all,Deputy Commissioner (zone),Abdul Rub,,,,https://bengalurucentral.karnataka.gov.in/home,2026-10-02 (accessed; page undated),medium,Zone-1; email handle 'jccvr' indicates C.V. Raman Nagar.
zone,,Gandhinagara,central,all,Joint Commissioner (zone head),"Hemanth Sharan, KAS",,,,https://bengalurucentral.karnataka.gov.in/home,2026-10-02 (accessed; page undated),medium,Zone-2; email handle 'jcgdn' indicates Gandhinagar.
zone,,Gandhinagara,central,all,Deputy Commissioner (zone),Shrinivas,,,,https://bengalurucentral.karnataka.gov.in/home,2026-10-02 (accessed; page undated),medium,Zone-2; email handle 'jcgdn' indicates Gandhinagar.
corporation,,,east,all,Commissioner,"Ramesh D S, IAS",https://bengalurueast.karnataka.gov.in/ramesh-ds.jpg,https://bengalurueast.karnataka.gov.in/home,,https://bengalurueast.karnataka.gov.in/home,2026-10-02 (accessed; page undated),high,
corporation,,,east,road,Additional Commissioner (Development) - incl. engineering,"Lokhande Snehal Sudhakar, IAS",https://bengalurueast.karnataka.gov.in/lokhande-snehal.jpg,https://bengalurueast.karnataka.gov.in/home,,https://bengalurueast.karnataka.gov.in/home,2026-10-02 (accessed; page undated),medium,Govt work-allocation order (DH 2025-09-23): Addl. Commr (Development) handles engineering.
corporation,,,east,waste,Additional Commissioner (Revenue) - incl. solid waste management,"Pragna Ammembala, KAS",https://bengalurueast.karnataka.gov.in/pragna-ammembala.jpeg,https://bengalurueast.karnataka.gov.in/home,,https://bengalurueast.karnataka.gov.in/home,2026-10-02 (accessed; page undated),medium,Govt work-allocation order (DH 2025-09-23): Addl. Commr (Revenue) handles SWM and health.
zone,,Mahadevapura,east,all,Joint Commissioner (zone head),"Dr. Dakshayini, KAS",,,,https://bengalurueast.karnataka.gov.in/home,2026-10-02 (accessed; page undated),high,Zone-1; email and office address (Mahadevapura) agree.
zone,,Mahadevapura,east,all,Deputy Commissioner (zone),Shashikumar,,,,https://bengalurueast.karnataka.gov.in/home,2026-10-02 (accessed; page undated),high,Zone-1; email and office address (Mahadevapura) agree.
zone,,K.R. Pura,east,all,Joint Commissioner (zone head),"Sudha, KAS",,,,https://bengalurueast.karnataka.gov.in/home,2026-10-02 (accessed; page undated),high,Zone-2; email and office address (K R Puram) agree.
zone,,K.R. Pura,east,all,Deputy Commissioner (zone),Muralidhara C,,,,https://bengalurueast.karnataka.gov.in/home,2026-10-02 (accessed; page undated),high,Zone-2; email and office address (K R Puram) agree.
corporation,,,north,all,Commissioner,"Pommala Sunil Kumar, IAS",https://bengalurunorth.karnataka.gov.in/pommala-sunil.jpg,https://bengalurunorth.karnataka.gov.in/home,,https://bengalurunorth.karnataka.gov.in/home,2026-10-02 (accessed; page undated),high,
corporation,,,north,road,Additional Commissioner (Development) - incl. engineering,"Latha R, IAS",https://bengalurunorth.karnataka.gov.in/latha-r.jpg,https://bengalurunorth.karnataka.gov.in/home,,https://bengalurunorth.karnataka.gov.in/home,2026-10-02 (accessed; page undated),medium,Govt work-allocation order (DH 2025-09-23): Addl. Commr (Development) handles engineering.
corporation,,,north,waste,Additional Commissioner (Revenue) - incl. solid waste management,"K R Pallavi, KMAS (in charge)",,,,https://bengalurunorth.karnataka.gov.in/home,2026-10-02 (accessed; page undated),medium,Govt work-allocation order (DH 2025-09-23): Addl. Commr (Revenue) handles SWM and health.
zone,,Yelahanka,north,all,Joint Commissioner (zone head),"Mohammed Naeem Momin, KAS",,,,https://bengalurunorth.karnataka.gov.in/home,2026-10-02 (accessed; page undated),low,Zone-1. CONFLICT: email handle 'jcyel' says Yelahanka but listed office address is Byatarayanapura (Amruthahalli Main Rd).
zone,,Yelahanka,north,all,Deputy Commissioner (zone),Amaregowda Patil,,,,https://bengalurunorth.karnataka.gov.in/home,2026-10-02 (accessed; page undated),low,Zone-1. CONFLICT: email handle 'jcyel' says Yelahanka but listed office address is Byatarayanapura (Amruthahalli Main Rd).
zone,,Byatarayanapura,north,all,Joint Commissioner (zone head),"K R Pallavi, KMAS",,,,https://bengalurunorth.karnataka.gov.in/home,2026-10-02 (accessed; page undated),low,"Zone-2. CONFLICT: email handle 'jcdasarahalli' and office (Bagalugunte, Hesaraghatta Rd) point to old Dasarahalli zone, not one of the two named North zones."
zone,,Byatarayanapura,north,all,Deputy Commissioner (zone),Mangala Gowri,,,,https://bengalurunorth.karnataka.gov.in/home,2026-10-02 (accessed; page undated),low,"Zone-2. CONFLICT: email handle 'jcdasarahalli' and office (Bagalugunte, Hesaraghatta Rd) point to old Dasarahalli zone, not one of the two named North zones."
corporation,,,south,all,Commissioner,"Ramesh K N, IAS",https://bengalurusouth.karnataka.gov.in/ramesh-kn.jpg,https://bengalurusouth.karnataka.gov.in/home,,https://bengalurusouth.karnataka.gov.in/home,2026-10-02 (accessed; page undated),high,
corporation,,,south,road,Additional Commissioner (Development) - incl. engineering,"Naveen Kumar Raju S, IAS",https://bengalurusouth.karnataka.gov.in/naveen-kumar.jpg,https://bengalurusouth.karnataka.gov.in/home,,https://bengalurusouth.karnataka.gov.in/home,2026-10-02 (accessed; page undated),medium,Govt work-allocation order (DH 2025-09-23): Addl. Commr (Development) handles engineering.
corporation,,,south,waste,Additional Commissioner (Revenue) - incl. solid waste management,"Rachappa, KAS",https://bengalurusouth.karnataka.gov.in/Raachappa.jpeg,https://bengalurusouth.karnataka.gov.in/home,,https://bengalurusouth.karnataka.gov.in/home,2026-10-02 (accessed; page undated),medium,Govt work-allocation order (DH 2025-09-23): Addl. Commr (Revenue) handles SWM and health.
zone,,Jayanagar,south,all,Joint Commissioner (zone head),"Madhu N N, KAS",,,,https://bengalurusouth.karnataka.gov.in/home,2026-10-02 (accessed; page undated),medium,Zone-1; office address Jayanagara.
zone,,Jayanagar,south,all,Deputy Commissioner (zone),Gagana,,,,https://bengalurusouth.karnataka.gov.in/home,2026-10-02 (accessed; page undated),medium,Zone-1; office address Jayanagara.
zone,,Bommanahalli,south,all,Joint Commissioner (zone head),"Satish Babu, KAS",,,,https://bengalurusouth.karnataka.gov.in/home,2026-10-02 (accessed; page undated),medium,"Zone-2; email handle 'jcbom', office on Begur Main Rd."
zone,,Bommanahalli,south,all,Deputy Commissioner (zone),D K Babu,,,,https://bengalurusouth.karnataka.gov.in/home,2026-10-02 (accessed; page undated),medium,"Zone-2; email handle 'jcbom', office on Begur Main Rd."
corporation,,,west,all,Commissioner,"Dr. Rajendra K V, IAS",https://bengaluruwest.karnataka.gov.in/rajendra-kv.jpg,https://bengaluruwest.karnataka.gov.in/home,,https://bengaluruwest.karnataka.gov.in/home,2026-10-02 (accessed; page undated),high,
corporation,,,west,road,Additional Commissioner (Development) - incl. engineering,"Kavitha Rajaram, KAS (in charge)",,,,https://bengaluruwest.karnataka.gov.in/home,2026-10-02 (accessed; page undated),medium,Govt work-allocation order (DH 2025-09-23): Addl. Commr (Development) handles engineering.
corporation,,,west,waste,Additional Commissioner (Revenue) - incl. solid waste management,"Kavitha Rajaram, KAS",,,,https://bengaluruwest.karnataka.gov.in/home,2026-10-02 (accessed; page undated),medium,Govt work-allocation order (DH 2025-09-23): Addl. Commr (Revenue) handles SWM and health.
zone,,Rajarajeshwarinagar,west,all,Joint Commissioner (zone head),"Arathi Anand, KAS",,,,https://bengaluruwest.karnataka.gov.in/home,2026-10-02 (accessed; page undated),high,Zone-1; email 'jcrrnagar' and RR Nagar office address agree.
zone,,Rajarajeshwarinagar,west,all,Deputy Commissioner (zone),Shankarappa Vanikyala,,,,https://bengaluruwest.karnataka.gov.in/home,2026-10-02 (accessed; page undated),high,Zone-1; email 'jcrrnagar' and RR Nagar office address agree.
zone,,Malleshwaram,west,all,Joint Commissioner (zone head),"Sangappa, KAS",,,,https://bengaluruwest.karnataka.gov.in/home,2026-10-02 (accessed; page undated),medium,"Zone-2; office at Rajajinagar, email 'jcwest'; mapped to Malleshwaram by elimination."
zone,,Malleshwaram,west,all,Deputy Commissioner (zone),Manjunath Swamy L,,,,https://bengaluruwest.karnataka.gov.in/home,2026-10-02 (accessed; page undated),medium,"Zone-2; office at Rajajinagar, email 'jcwest'; mapped to Malleshwaram by elimination."
